<?xml version='1.0' encoding='UTF-8'?><metaData xmlns="http://dhis2.org/schema/dxf/2.0" created="2016-01-18T02:55:52.630+0000"><sqlViews><sqlView name="Data Approval - Get User names" created="2016-01-18T02:03:42.884+0000" lastUpdated="2016-01-18T02:11:26.337+0000" id="Q06EUmdZUSL"><externalAccess>false</externalAccess><publicAccess>rw------</publicAccess><user name="Tran Chau" created="2015-02-03T08:06:59.604+0000" lastUpdated="2015-04-09T12:30:36.760+0000" id="Z53M949egPe"><externalAccess>false</externalAccess></user><description></description><sqlQuery>select userinfoid, firstname || ' ' || surname as fullname from dataapproval_userinfo</sqlQuery><type>VIEW</type><cacheStrategy>RESPECT_SYSTEM_SETTING</cacheStrategy></sqlView><sqlView name="Data Approval ( USED in app )" created="2015-12-23T01:08:29.340+0000" lastUpdated="2016-01-18T02:15:58.819+0000" id="xI1fKiXGUoV"><externalAccess>false</externalAccess><publicAccess>rw------</publicAccess><user name="Tran Chau" created="2015-02-03T08:06:59.604+0000" lastUpdated="2015-04-09T12:30:36.760+0000" id="Z53M949egPe"><externalAccess>false</externalAccess></user><description></description><sqlQuery>select ou.uid as ouId, ds.uid as dsId, da.accepted, da.creator, da.created from dataapproval da INNER JOIN dataapprovallevel dalevel on da.dataapprovallevelid = dalevel.dataapprovallevelid INNER JOIN dataset ds on da.datasetid = ds.datasetid inner join organisationunit ou on da.organisationunitid = ou.organisationunitid inner join period pe on da.periodid=pe.periodid where dalevel.uid='${dataLevel}' and pe.startdate='${startDate}' and pe.enddate='${endDate}'</sqlQuery><type>QUERY</type><cacheStrategy>RESPECT_SYSTEM_SETTING</cacheStrategy></sqlView><sqlView name="Data Approval - Get OUs by level ( USED in app )" created="2016-01-11T04:42:07.518+0000" lastUpdated="2016-01-16T06:00:11.505+0000" id="L17dE9xR0Yw"><externalAccess>false</externalAccess><publicAccess>rw------</publicAccess><user name="Tran Chau" created="2015-02-03T08:06:59.604+0000" lastUpdated="2015-04-09T12:30:36.760+0000" id="Z53M949egPe"><externalAccess>false</externalAccess></user><description></description><sqlQuery>select DISTINCT ( select uid from organisationunit where uid=oustr.uidLevel${level} ) as ouId, ds.uid as dsId, ( select name from organisationunit where uid=oustr.uidLevel${level} ) as ouLevel${level}, ds.name as "Data Set" from organisationunit ou INNER JOIN _orgunitstructure oustr on ou.organisationunitid = oustr.organisationunitid left JOIN datasetsource ds_ou on ds_ou.sourceid = ou.organisationunitid left JOIN dataset ds on ds.datasetid = ds_ou.datasetid where oustr.level >= ${level} and ds.approvedata = true and ds.periodtypeid = ( select periodtypeid from periodtype where name = '${periodTypeName}' ) and oustr.uidLevel${ouLevel} = '${ouId}' order by ouId, ds.uid, ouLevel${level},"Data Set"</sqlQuery><type>QUERY</type><cacheStrategy>RESPECT_SYSTEM_SETTING</cacheStrategy></sqlView></sqlViews></metaData>